{
  "Logistic Regression": {
    "acc": 0.6559356136820925,
    "f1": 0.6399495566304899
  },
  "Linear SVM": {
    "acc": 0.7283702213279678,
    "f1": 0.7202385140101851
  },
  "DNN (MLP)": {
    "acc": 0.6398390342052314,
    "f1": 0.6365313872417301
  }
}