{
  "samples": 2483,
  "classes": 24,
  "avg_raw_words": 811.6520338300443,
  "avg_clean_words": 575.3097060008055,
  "vocab_raw": 111424,
  "vocab_clean": 33103
}