{"samples": 2483, "classes": 24, "avg_raw": 811.6520338300443, "avg_clean": 575.7072090213452}